"","raw.input.mosaic.evi.1","raw.input.mosaic.evi.2","raw.input.mosaic.evi.3","raw.input.mosaic.evi.4","raw.input.mosaic.evi.5","raw.input.mosaic.evi.6","raw.input.mosaic.evi.7","raw.input.mosaic.evi.8","raw.input.mosaic.evi.9","raw.input.mosaic.evi.10","raw.input.mosaic.evi.11","raw.input.mosaic.evi.12","raw.input.mosaic.evi.13","raw.input.mosaic.evi.14","raw.input.mosaic.evi.15","raw.input.mosaic.evi.16","raw.input.mosaic.evi.17","raw.input.mosaic.evi.18","raw.input.mosaic.evi.19","raw.input.mosaic.evi.20","raw.input.mosaic.evi.21","raw.input.mosaic.evi.22","raw.input.mosaic.evi.23","raw.input.mosaic.evi.24","raw.input.mosaic.evi.25","raw.input.mosaic.evi.26","raw.input.mosaic.evi.27","raw.input.mosaic.evi.28","raw.input.mosaic.evi.29","raw.input.mosaic.evi.30","raw.input.mosaic.evi.31","raw.input.mosaic.evi.32","raw.input.mosaic.evi.33","raw.input.mosaic.evi.34","raw.input.mosaic.evi.35","raw.input.mosaic.evi.36","raw.input.mosaic.evi.37","raw.input.mosaic.evi.38","raw.input.mosaic.evi.39","raw.input.mosaic.evi.40","raw.input.mosaic.evi.41","raw.input.mosaic.evi.42","raw.input.mosaic.evi.43","raw.input.mosaic.evi.44","raw.input.mosaic.evi.45","raw.input.mosaic.evi.46","raw.input.mosaic.evi.47","raw.input.mosaic.evi.48","raw.input.mosaic.evi.49","raw.input.mosaic.evi.50","raw.input.mosaic.evi.51","raw.input.mosaic.evi.52","raw.input.mosaic.evi.53","raw.input.mosaic.evi.54","raw.input.mosaic.evi.55","raw.input.mosaic.evi.56","raw.input.mosaic.evi.57","raw.input.mosaic.evi.58","raw.input.mosaic.evi.59","raw.input.mosaic.evi.60","raw.input.mosaic.evi.61","raw.input.mosaic.evi.62","raw.input.mosaic.evi.63","raw.input.mosaic.evi.64","raw.input.mosaic.evi.65","raw.input.mosaic.evi.66","raw.input.mosaic.evi.67","raw.input.mosaic.evi.68","raw.input.mosaic.evi.69","raw.input.mosaic.evi.70","raw.input.mosaic.evi.71","raw.input.mosaic.evi.72","raw.input.mosaic.evi.73","raw.input.mosaic.evi.74","raw.input.mosaic.evi.75","raw.input.mosaic.evi.76","raw.input.mosaic.evi.77","raw.input.mosaic.evi.78","raw.input.mosaic.evi.79","raw.input.mosaic.evi.80","raw.input.mosaic.evi.81","raw.input.mosaic.evi.82","raw.input.mosaic.evi.83","raw.input.mosaic.evi.84","raw.input.mosaic.evi.85","raw.input.mosaic.evi.86","raw.input.mosaic.evi.87","raw.input.mosaic.evi.88","raw.input.mosaic.evi.89","raw.input.mosaic.evi.90","raw.input.mosaic.evi.91","raw.input.mosaic.evi.92","raw.input.mosaic.evi.93","raw.input.mosaic.evi.94","raw.input.mosaic.evi.95","raw.input.mosaic.evi.96","raw.input.mosaic.evi.97","raw.input.mosaic.evi.98","raw.input.mosaic.evi.99","raw.input.mosaic.evi.100","raw.input.mosaic.evi.101","raw.input.mosaic.evi.102","raw.input.mosaic.evi.103","raw.input.mosaic.evi.104","raw.input.mosaic.evi.105","raw.input.mosaic.evi.106","raw.input.mosaic.evi.107","raw.input.mosaic.evi.108","raw.input.mosaic.evi.109","raw.input.mosaic.evi.110","raw.input.mosaic.evi.111","raw.input.mosaic.evi.112","raw.input.mosaic.evi.113","raw.input.mosaic.evi.114","raw.input.mosaic.evi.115","raw.input.mosaic.evi.116","raw.input.mosaic.evi.117","raw.input.mosaic.evi.118","raw.input.mosaic.evi.119","raw.input.mosaic.evi.120","raw.input.mosaic.evi.121","raw.input.mosaic.evi.122","raw.input.mosaic.evi.123","raw.input.mosaic.evi.124","raw.input.mosaic.evi.125","raw.input.mosaic.evi.126","raw.input.mosaic.evi.127","raw.input.mosaic.evi.128","raw.input.mosaic.evi.129","raw.input.mosaic.evi.130","raw.input.mosaic.evi.131","raw.input.mosaic.evi.132","raw.input.mosaic.evi.133","raw.input.mosaic.evi.134","raw.input.mosaic.evi.135","raw.input.mosaic.evi.136","raw.input.mosaic.evi.137","raw.input.mosaic.evi.138","raw.input.mosaic.evi.139","raw.input.mosaic.evi.140","raw.input.mosaic.evi.141","raw.input.mosaic.evi.142","raw.input.mosaic.evi.143","raw.input.mosaic.evi.144","raw.input.mosaic.evi.145","raw.input.mosaic.evi.146","raw.input.mosaic.evi.147","raw.input.mosaic.evi.148","raw.input.mosaic.evi.149","raw.input.mosaic.evi.150","raw.input.mosaic.evi.151","raw.input.mosaic.evi.152","raw.input.mosaic.evi.153","raw.input.mosaic.evi.154","raw.input.mosaic.evi.155","raw.input.mosaic.evi.156","raw.input.mosaic.evi.157","raw.input.mosaic.evi.158","raw.input.mosaic.evi.159","raw.input.mosaic.evi.160","raw.input.mosaic.evi.161","raw.input.mosaic.evi.162","raw.input.mosaic.evi.163","raw.input.mosaic.evi.164","raw.input.mosaic.evi.165","raw.input.mosaic.evi.166","raw.input.mosaic.evi.167","raw.input.mosaic.evi.168","raw.input.mosaic.evi.169","raw.input.mosaic.evi.170","raw.input.mosaic.evi.171","raw.input.mosaic.evi.172","raw.input.mosaic.evi.173","raw.input.mosaic.evi.174","raw.input.mosaic.evi.175","raw.input.mosaic.evi.176","raw.input.mosaic.evi.177","raw.input.mosaic.evi.178","raw.input.mosaic.evi.179","raw.input.mosaic.evi.180","raw.input.mosaic.evi.181","raw.input.mosaic.evi.182","raw.input.mosaic.evi.183","raw.input.mosaic.evi.184","raw.input.mosaic.evi.185","raw.input.mosaic.evi.186","raw.input.mosaic.evi.187","raw.input.mosaic.evi.188","raw.input.mosaic.evi.189","raw.input.mosaic.evi.190","raw.input.mosaic.evi.191","raw.input.mosaic.evi.192","raw.input.mosaic.evi.193","raw.input.mosaic.evi.194","raw.input.mosaic.evi.195","raw.input.mosaic.evi.196","raw.input.mosaic.evi.197","raw.input.mosaic.evi.198","raw.input.mosaic.evi.199","raw.input.mosaic.evi.200","raw.input.mosaic.evi.201","raw.input.mosaic.evi.202","raw.input.mosaic.evi.203","raw.input.mosaic.evi.204","raw.input.mosaic.evi.205","raw.input.mosaic.evi.206","raw.input.mosaic.evi.207","raw.input.mosaic.evi.208","raw.input.mosaic.evi.209","raw.input.mosaic.evi.210","raw.input.mosaic.evi.211","raw.input.mosaic.evi.212","raw.input.mosaic.evi.213","raw.input.mosaic.evi.214","raw.input.mosaic.evi.215","raw.input.mosaic.evi.216","raw.input.mosaic.evi.217","raw.input.mosaic.evi.218","raw.input.mosaic.evi.219","raw.input.mosaic.evi.220","raw.input.mosaic.evi.221","raw.input.mosaic.evi.222","raw.input.mosaic.evi.223","raw.input.mosaic.evi.224","raw.input.mosaic.evi.225","raw.input.mosaic.evi.226","raw.input.mosaic.evi.227","raw.input.mosaic.evi.228","raw.input.mosaic.evi.229","raw.input.mosaic.evi.230","raw.input.mosaic.evi.231","raw.input.mosaic.evi.232","raw.input.mosaic.evi.233","raw.input.mosaic.evi.234","raw.input.mosaic.evi.235","raw.input.mosaic.evi.236","raw.input.mosaic.evi.237","raw.input.mosaic.evi.238","raw.input.mosaic.evi.239","raw.input.mosaic.evi.240","raw.input.mosaic.evi.241","raw.input.mosaic.evi.242","raw.input.mosaic.evi.243","raw.input.mosaic.evi.244","raw.input.mosaic.evi.245","raw.input.mosaic.evi.246","raw.input.mosaic.evi.247","raw.input.mosaic.evi.248","raw.input.mosaic.evi.249","raw.input.mosaic.evi.250","raw.input.mosaic.evi.251","raw.input.mosaic.evi.252","raw.input.mosaic.evi.253","raw.input.mosaic.evi.254","raw.input.mosaic.evi.255","raw.input.mosaic.evi.256","raw.input.mosaic.evi.257","raw.input.mosaic.evi.258","raw.input.mosaic.evi.259","raw.input.mosaic.evi.260","raw.input.mosaic.evi.261","raw.input.mosaic.evi.262","raw.input.mosaic.evi.263","raw.input.mosaic.evi.264","raw.input.mosaic.evi.265","raw.input.mosaic.evi.266","raw.input.mosaic.evi.267","raw.input.mosaic.evi.268","raw.input.mosaic.evi.269","raw.input.mosaic.evi.270","raw.input.mosaic.evi.271","raw.input.mosaic.evi.272","raw.input.mosaic.evi.273","raw.input.mosaic.evi.274","raw.input.mosaic.evi.275","raw.input.mosaic.evi.276","raw.input.mosaic.evi.277","raw.input.mosaic.evi.278","raw.input.mosaic.evi.279","raw.input.mosaic.evi.280","raw.input.mosaic.evi.281","raw.input.mosaic.evi.282","raw.input.mosaic.evi.283","raw.input.mosaic.evi.284","raw.input.mosaic.evi.285","raw.input.mosaic.evi.286","raw.input.mosaic.evi.287","raw.input.mosaic.evi.288","raw.input.mosaic.evi.289","raw.input.mosaic.evi.290","raw.input.mosaic.evi.291","raw.input.mosaic.evi.292","raw.input.mosaic.evi.293","raw.input.mosaic.evi.294","raw.input.mosaic.evi.295","raw.input.mosaic.evi.296","raw.input.mosaic.evi.297","raw.input.mosaic.evi.298","raw.input.mosaic.evi.299","raw.input.mosaic.evi.300","raw.input.mosaic.evi.301","raw.input.mosaic.evi.302","raw.input.mosaic.evi.303","raw.input.mosaic.evi.304","raw.input.mosaic.evi.305","raw.input.mosaic.evi.306","raw.input.mosaic.evi.307","raw.input.mosaic.evi.308","raw.input.mosaic.evi.309","raw.input.mosaic.evi.310","raw.input.mosaic.evi.311","raw.input.mosaic.evi.312","raw.input.mosaic.evi.313","raw.input.mosaic.evi.314","raw.input.mosaic.evi.315","raw.input.mosaic.evi.316","raw.input.mosaic.evi.317","raw.input.mosaic.evi.318","raw.input.mosaic.evi.319","raw.input.mosaic.evi.320","raw.input.mosaic.evi.321","raw.input.mosaic.evi.322","raw.input.mosaic.evi.323","raw.input.mosaic.evi.324"
"1",838,811,820,808,737,703,730,720,698,710,784,607,724,702,719,NA,689,842,1167,1324,1531,2435,NA,2608,2783,2512,2417,2191,2094,1757,1311,1221,979,955,873,838,783,774,737,642,685,624,552,667,599,588,628,651,639,643,598,603,NA,620,712,1449,NA,NA,NA,NA,NA,2775,2508,2103,2110,1870,1218,963,939,822,845,907,785,689,674,702,652,663,594,618,630,611,599,537,634,653,671,598,794,872,NA,1568,1642,NA,NA,2427,2666,2838,2659,2218,1995,1711,1449,1166,1085,995,927,843,835,770,763,714,622,651,615,613,631,633,680,712,617,NA,731,665,996,1076,NA,1829,2037,2273,NA,NA,3189,NA,3052,2650,2609,2022,1753,1285,1332,1082,992,1016,885,850,861,823,769,793,784,706,749,701,716,678,789,821,764,757,776,841,1194,1421,1553,2112,NA,NA,3002,2645,2666,2655,2432,2126,1603,1194,1424,1259,995,1000,1001,932,860,850,814,761,737,652,669,722,628,691,736,1023,925,1041,1561,1460,1919,1759,1822,1764,NA,2350,2703,3072,2566,2233,2119,1590,1247,1079,1005,934,888,865,750,NA,700,736,703,658,607,518,642,562,557,654,NA,615,622,608,604,736,928,1327,NA,NA,NA,NA,2548,NA,2803,2249,2581,2046,1910,1674,1286,1250,1211,NA,NA,946,857,875,792,NA,710,715,664,646,678,667,759,709,720,756,NA,742,1459,NA,NA,NA,NA,NA,3250,2660,2641,2669,2502,2438,1417,1274,1013,1075,925,862,893,810,834,796,732,713,661,677,671,674,602,672,615,671,814,797,1040,NA,NA,2113,NA,NA,NA,2378,2712,2737,2407,2300,1502,1458,944,895,906,929,847,782
"2",875,821,814,765,599,702,634,694,711,562,597,462,498,516,616,549,491,NA,499,510,NA,NA,698,1060,NA,1127,1835,1780,2553,2662,2667,2483,2284,1363,1046,943,876,789,787,783,684,693,701,486,422,512,NA,404,498,537,423,NA,505,NA,NA,NA,588,NA,NA,NA,1452,1281,1617,2138,2407,2650,2141,2174,2000,1907,1248,1168,924,846,816,792,752,770,746,728,534,575,537,614,464,493,572,662,490,579,-439,797,NA,1061,915,1199,1651,1536,1916,1301,1272,1255,934,1131,995,777,691,773,586,632,589,638,461,476,448,547,437,437,448,509,487,546,508,462,NA,473,557,NA,NA,2457,1033,957,1362,1152,1044,1937,1834,2269,1902,2140,2304,2127,NA,1176,1028,847,907,806,754,688,604,645,569,636,593,491,496,559,553,NA,536,513,NA,462,467,NA,NA,NA,810,1361,1771,2311,2442,2650,2294,2200,1423,1262,1006,915,825,777,712,609,707,633,551,603,558,519,531,511,NA,606,523,499,NA,477,NA,652,NA,729,NA,1110,NA,1077,1492,1384,2308,2397,2397,1860,1407,1454,1075,865,724,674,616,619,604,633,611,603,588,561,464,554,550,506,497,531,489,NA,549,758,696,NA,NA,1121,1225,1176,1473,1873,1963,1934,2357,2321,2365,2087,1590,1016,1000,824,695,723,790,608,647,683,617,560,563,497,515,495,472,461,462,511,564,NA,971,NA,1361,NA,2260,2761,2120,1734,2754,2968,2780,2196,1435,1549,NA,1008,820,760,689,629,669,562,547,612,507,502,402,520,510,495,519,NA,510,NA,497,486,648,NA,919,NA,1433,1606,2069,1984,1674,1728,1616,1315,840,850,799,657
"3",1134,903,1005,789,829,798,823,841,823,868,999,797,888,926,1056,1147,1527,1784,NA,NA,NA,NA,NA,3104,NA,3060,2400,2684,2534,NA,1922,1629,1404,1300,1144,1059,995,1027,1011,856,929,796,837,839,808,731,896,977,1054,825,NA,1108,NA,1323,1586,2281,NA,NA,NA,NA,NA,NA,NA,2433,NA,2229,1899,1416,1180,1347,1123,1015,1023,829,854,826,857,790,707,713,675,786,776,763,877,784,813,925,865,1351,NA,2176,NA,NA,NA,2436,NA,2895,2978,2821,2315,1995,1718,1540,1071,1174,1103,1003,923,883,837,NA,768,730,621,674,655,687,809,841,762,776,999,939,1393,1948,2017,2372,2410,2724,NA,NA,2916,NA,2893,2655,2559,2175,2239,1599,1623,1629,1366,1231,1112,1060,1138,936,899,937,859,764,914,833,980,989,990,1127,963,863,1036,1394,1577,2452,2046,NA,NA,NA,NA,2999,2611,2812,2564,2424,2391,NA,1897,1633,1458,1341,1212,1098,1058,1095,947,913,865,802,823,879,881,818,982,1043,1216,1668,2009,1620,1647,1977,2250,NA,NA,2591,2853,2841,2789,2505,2430,1842,1726,1445,1193,1142,1036,1083,752,716,791,764,642,652,675,657,649,667,607,752,664,731,815,718,768,1086,1513,NA,1822,NA,NA,NA,3015,NA,2849,NA,2545,1942,1877,1612,1625,1308,1364,NA,NA,1062,808,883,862,NA,704,718,750,774,787,897,803,850,992,853,NA,1179,1969,1973,NA,NA,2834,3138,2850,3112,2867,2690,2649,2206,1733,1834,1636,1411,1357,1359,1215,963,1019,930,850,790,832,829,865,921,924,904,956,1068,1524,1523,1821,3146,2110,NA,NA,NA,NA,NA,2771,2816,NA,2315,NA,1720,1416,1502,1094,1160,1084,936
"4",1044,983,1039,865,825,853,837,971,956,987,1018,781,941,1006,981,1056,1647,1975,2032,2321,NA,2952,NA,3639,NA,3080,2630,3086,3092,2534,2343,2006,1781,1529,1483,1373,1264,1022,1029,899,907,881,909,933,1002,931,946,1103,1208,1176,NA,1168,NA,1717,1760,NA,NA,NA,NA,NA,NA,NA,3178,NA,2364,2464,2199,2183,1723,1535,1683,1470,1265,1152,1056,1037,809,936,769,933,827,937,971,NA,898,1106,1363,1164,1571,1830,NA,2511,2435,NA,2942,2669,NA,3071,3256,NA,2677,2228,1790,1709,1375,903,876,1123,1093,824,729,NA,917,758,672,713,641,692,682,701,658,877,1329,1223,1685,1740,1918,2725,3181,NA,NA,NA,NA,NA,3150,2628,3036,2529,2491,1993,1768,1595,1423,1223,1236,963,1082,920,983,902,896,893,919,859,903,926,819,1011,875,850,1099,1049,1902,2075,NA,NA,NA,NA,3186,2447,2799,2854,2975,2869,2324,1960,1808,1366,1294,1187,1351,1030,1032,1077,971,923,827,822,903,879,876,942,1028,1000,1033,1136,1995,1499,NA,NA,2845,NA,NA,NA,2477,2482,2965,2496,2763,2460,2392,1853,1835,1762,1414,1363,1083,1008,850,1005,849,846,841,827,898,805,902,893,927,991,1170,1052,1332,1753,2275,1741,2754,NA,NA,3648,2993,NA,3213,NA,NA,2203,2613,1910,1604,1708,1315,NA,1240,1051,818,899,873,NA,813,810,840,868,789,750,830,804,861,1161,NA,NA,1967,2138,NA,NA,NA,NA,NA,2968,3185,2502,2762,2298,2304,1896,1560,1366,1439,1233,1113,1043,1075,946,901,880,865,859,857,964,812,881,942,1012,1298,1169,1197,NA,NA,NA,NA,NA,3395,NA,NA,3112,2427,2350,2275,1740,1493,1507,1116,1068,1040,956
"5",727,747,662,668,649,609,553,579,544,524,536,517,NA,553,472,499,NA,486,934,NA,1355,NA,NA,NA,2217,2085,1872,1578,NA,1407,1403,1154,839,859,893,737,805,743,637,637,634,650,552,493,517,535,548,496,545,621,NA,485,632,649,826,NA,NA,NA,NA,NA,NA,NA,1894,1560,1679,1437,1212,1324,1102,1085,864,753,785,865,780,606,625,576,619,665,592,561,569,619,NA,587,677,NA,1022,1406,NA,NA,NA,NA,NA,1531,1915,1557,1556,1652,1738,1127,1090,1034,877,982,892,877,665,631,736,611,561,632,580,576,547,587,624,598,499,596,640,NA,849,987,1318,NA,NA,NA,NA,2645,NA,2697,2093,1587,1995,1371,1196,1030,1023,913,829,866,723,699,670,668,655,629,603,645,617,611,611,731,614,548,521,693,759,746,NA,NA,NA,NA,2302,NA,2496,2294,NA,1736,1239,1284,1073,963,976,831,817,803,803,790,764,678,695,660,649,623,605,629,582,509,765,969,765,715,990,NA,655,NA,NA,NA,NA,NA,NA,1782,1577,1688,1481,1296,1109,884,963,846,829,782,757,622,616,640,642,617,567,541,540,543,529,539,563,561,538,447,586,653,1052,NA,NA,NA,NA,NA,2115,1812,2147,NA,1440,1339,1060,1051,1046,751,751,757,761,640,620,607,619,511,528,592,570,502,590,592,588,504,724,619,NA,690,NA,NA,NA,NA,NA,1034,NA,1757,1731,1515,1502,1063,994,834,767,710,738,647,656,669,634,608,623,550,578,561,524,512,502,485,505,522,665,679,766,812,968,NA,1010,NA,NA,1848,1556,NA,1710,1548,1601,1206,1013,893,816,747,701,632
"6",876,779,724,742,651,629,661,643,645,650,605,588,586,594,609,530,631,827,1113,1519,NA,2065,NA,NA,3178,NA,3190,2732,2302,NA,1623,1287,1071,1235,1079,793,814,717,713,669,732,652,665,650,657,560,629,581,608,622,490,583,640,583,693,1101,1398,2228,NA,2994,NA,3078,2923,2331,2353,1585,1387,1139,1048,915,856,814,809,712,727,732,681,659,658,656,604,617,624,628,587,616,638,636,689,743,NA,1254,1003,NA,NA,1268,1536,2886,1893,1893,1618,1430,932,864,766,679,704,624,594,615,556,NA,542,501,488,491,501,505,472,457,513,462,499,502,452,416,NA,NA,1917,1648,NA,NA,2500,2344,2369,2218,1955,1631,1575,915,901,NA,916,781,NA,647,743,646,651,623,616,573,610,574,557,589,556,542,557,581,520,545,922,1132,1516,NA,NA,NA,2624,2755,2550,2122,2202,1846,1623,1360,1224,1054,NA,923,817,764,738,681,671,631,563,563,522,555,510,555,519,556,590,592,732,631,670,682,1096,NA,NA,2548,NA,2419,2741,2078,2102,1577,1610,1165,868,826,711,738,681,709,696,626,673,633,610,NA,608,622,612,634,551,560,606,575,502,499,NA,1157,1383,NA,1973,NA,2677,2732,2891,2229,2079,1729,1586,1220,1019,785,916,933,854,811,726,684,692,NA,602,623,558,611,596,606,503,559,574,554,569,550,815,NA,NA,NA,2377,2576,2886,3032,2436,2378,2145,1443,1100,1017,987,895,NA,773,843,785,777,710,635,659,642,602,678,563,612,616,609,579,610,590,NA,NA,791,NA,1505,NA,1664,1841,NA,2576,2194,1955,1374,1250,1003,885,711,834,696,673
"7",731,752,682,661,596,564,574,629,641,556,560,521,549,548,568,NA,666,999,1065,1388,1312,2101,NA,2212,2395,2443,2169,1782,1417,1187,1071,950,862,798,837,756,754,706,788,646,673,600,603,608,592,556,607,528,602,603,509,544,596,609,NA,NA,NA,NA,2031,NA,NA,NA,2117,1455,1540,1572,944,927,888,841,842,783,664,624,653,695,610,644,586,608,562,574,562,541,570,531,757,644,670,608,-357,NA,NA,1306,NA,1876,2196,2034,1644,1441,1183,1027,876,822,741,727,694,618,664,671,566,572,531,488,503,481,479,494,502,519,458,464,617,NA,800,944,1346,1645,1511,1869,NA,NA,2353,2361,NA,1884,1430,1146,1038,1149,899,846,782,710,674,668,650,658,577,628,580,605,617,582,498,605,620,553,543,518,595,632,686,NA,NA,NA,1699,NA,1863,1764,1535,1366,1248,1141,939,799,755,792,716,697,721,686,589,651,567,598,571,549,567,551,572,549,579,622,720,933,1038,887,944,1102,1224,1497,NA,1832,1951,1751,1725,1615,1343,1004,811,748,682,731,631,666,569,578,628,603,590,557,549,475,530,530,475,509,521,562,514,519,538,656,658,NA,NA,NA,NA,1526,2045,1828,1948,1450,1366,1312,941,1038,835,713,709,731,NA,696,618,610,623,555,538,544,478,508,515,495,498,480,537,454,415,456,786,NA,NA,1791,2038,NA,2414,NA,1453,1432,1362,985,963,860,797,782,677,737,679,661,642,673,579,603,594,617,501,515,543,496,564,474,552,606,664,620,915,NA,1739,NA,2093,2425,2271,2337,1947,1694,1160,1023,875,862,845,799,796,649
"8",889,904,810,790,657,669,654,623,581,663,727,699,725,787,823,780,986,1001,1090,NA,1352,1977,NA,2186,2117,2195,2293,2093,2034,2014,2019,2029,1703,1636,1428,1374,1292,1151,1084,996,945,842,580,550,497,NA,642,NA,1061,1159,1007,1493,1379,1614,1533,1866,NA,NA,NA,NA,NA,2390,2293,2219,2377,2135,1832,1754,1735,1490,1540,1292,1139,1052,952,997,878,682,839,713,791,751,663,782,NA,767,936,1144,1178,1510,-213,1806,NA,NA,NA,2169,NA,2332,2332,2026,1943,1868,1791,1521,1470,1400,1196,1153,1139,974,911,828,690,701,707,605,588,673,739,656,580,897,988,NA,NA,1841,NA,NA,NA,NA,NA,2736,NA,NA,2712,2330,2487,2273,2296,1910,2000,1653,1509,1477,1248,1059,730,990,887,886,808,756,875,937,891,1293,1212,1318,1333,1521,1465,1617,1766,NA,NA,NA,NA,NA,NA,2337,2411,2369,2215,2103,1941,1733,1799,1517,1421,1211,1212,1079,1031,963,876,822,820,691,708,778,849,NA,944,1123,NA,NA,1738,1352,1466,1568,NA,NA,NA,1809,NA,NA,1618,1833,1578,1268,1275,1182,947,1023,865,875,766,707,649,696,640,658,616,580,NA,538,530,526,561,NA,629,NA,544,602,NA,1171,NA,NA,NA,NA,2397,NA,2324,NA,2157,1932,1671,1701,1520,1256,1184,1141,1000,969,837,813,845,NA,684,NA,703,680,1042,958,831,951,1343,1232,1214,NA,NA,1799,1877,NA,2296,2166,NA,2452,2505,2221,2019,1841,1636,1509,1403,1347,1131,1014,1008,974,889,876,812,727,694,728,669,657,646,667,794,NA,724,827,NA,801,NA,1723,1627,NA,NA,NA,2229,2013,2068,NA,1588,1562,1471,1357,1181,1275,1107,1043
"9",241,287,309,285,276,298,272,239,251,279,307,277,NA,292,268,256,NA,298,294,NA,363,377,328,318,351,478,504,319,367,315,255,254,229,271,259,241,271,261,288,262,271,300,295,249,248,NA,269,274,284,246,NA,239,286,265,292,333,350,380,387,NA,450,489,444,319,360,300,389,289,284,293,270,247,267,254,239,262,288,229,270,279,253,248,286,290,321,221,286,259,236,261,NA,NA,282,302,NA,407,411,NA,483,380,373,300,371,338,239,254,229,289,222,223,262,286,273,296,216,265,264,284,254,265,251,263,294,NA,NA,313,371,NA,NA,432,397,446,NA,517,441,509,372,353,343,331,332,271,309,285,264,304,288,273,293,337,285,281,293,290,305,295,261,304,283,255,275,272,232,334,325,NA,337,537,NA,508,370,408,262,322,339,309,333,317,307,238,240,229,262,316,284,289,289,262,300,314,296,NA,269,263,290,255,318,255,NA,360,447,389,407,650,879,643,482,464,466,356,358,294,309,290,311,358,219,237,316,355,320,283,280,347,319,299,250,315,277,319,263,263,268,326,264,NA,NA,NA,NA,NA,787,669,911,598,561,437,454,361,385,388,396,305,320,280,302,256,323,332,288,337,349,363,309,342,310,288,267,248,300,323,361,352,NA,NA,660,779,569,652,544,535,499,420,399,387,351,331,324,355,328,380,345,292,376,295,319,302,342,343,307,335,333,277,285,362,319,412,474,451,427,584,790,620,630,622,573,479,418,313,329,440,335,300,386,314
"10",3643,NA,NA,NA,NA,NA,NA,NA,NA,NA,NA,NA,NA,NA,NA,NA,NA,NA,NA,NA,NA,NA,NA,NA,NA,NA,NA,NA,NA,4313,NA,3820,3992,4093,6486,2929,NA,3238,NA,NA,NA,NA,NA,NA,NA,NA,NA,NA,3630,NA,NA,4978,NA,NA,NA,NA,6485,NA,4140,NA,NA,NA,NA,NA,NA,NA,NA,NA,5606,3930,4219,NA,NA,NA,2714,NA,NA,NA,3769,NA,3169,NA,NA,NA,NA,NA,NA,NA,NA,NA,NA,NA,NA,NA,NA,NA,NA,NA,NA,4503,4382,NA,NA,NA,3488,3337,2779,NA,NA,NA,NA,NA,NA,3538,NA,3317,NA,NA,NA,NA,3078,NA,3843,NA,NA,3940,NA,3163,NA,NA,NA,NA,NA,NA,NA,NA,4252,NA,3752,4222,3986,NA,3288,3536,3800,3457,NA,NA,NA,NA,NA,NA,NA,NA,NA,3104,NA,4109,NA,3696,5084,NA,NA,NA,NA,NA,NA,NA,NA,NA,NA,NA,NA,NA,5511,4278,NA,NA,3688,3402,3420,3080,NA,NA,NA,NA,NA,NA,NA,3981,NA,NA,NA,NA,3829,NA,NA,NA,NA,NA,NA,NA,NA,NA,NA,NA,NA,NA,NA,NA,NA,4090,3705,6218,NA,3343,3255,NA,NA,3093,3050,NA,NA,NA,NA,NA,NA,NA,4344,NA,4039,NA,NA,NA,NA,NA,NA,NA,NA,NA,NA,NA,NA,NA,4624,NA,NA,4231,3784,3945,3620,NA,2793,NA,NA,NA,NA,NA,NA,NA,NA,3636,NA,NA,NA,NA,NA,NA,4191,NA,NA,NA,NA,NA,NA,NA,NA,NA,NA,NA,NA,NA,4133,NA,4118,3463,NA,NA,NA,NA,NA,NA,NA,NA,NA,NA,NA,NA,3698,NA,NA,4304,NA,NA,NA,4178,NA,NA,NA,NA,NA,NA,NA,NA,NA,NA,NA,NA,NA,NA,3815,NA,NA,NA
"11",2686,NA,2735,NA,NA,NA,NA,3187,2197,NA,NA,NA,NA,NA,NA,NA,NA,NA,NA,NA,NA,NA,NA,NA,NA,NA,NA,NA,NA,NA,NA,3478,6210,2682,3177,2900,2596,2099,2021,2108,2787,2688,NA,NA,NA,NA,NA,NA,2408,NA,NA,NA,NA,NA,NA,NA,3366,NA,NA,NA,NA,NA,NA,NA,NA,NA,NA,NA,4230,NA,3376,3008,2293,2338,NA,NA,5379,NA,NA,3111,3118,2618,NA,NA,NA,NA,NA,NA,NA,NA,NA,NA,NA,NA,NA,3719,NA,NA,NA,NA,NA,3440,NA,3422,3325,3411,2989,2562,2383,NA,2329,NA,NA,NA,NA,2671,2770,NA,NA,NA,NA,NA,3160,NA,3447,NA,NA,NA,NA,NA,NA,NA,NA,NA,3446,NA,NA,3674,NA,NA,NA,NA,6511,2665,2676,2168,2318,2405,NA,NA,NA,3281,NA,NA,NA,NA,5610,2751,3571,NA,NA,NA,NA,NA,NA,NA,NA,NA,NA,NA,NA,NA,3382,NA,NA,NA,NA,NA,3492,3460,3056,2748,3690,NA,2704,NA,NA,NA,NA,NA,NA,NA,NA,NA,NA,3634,3533,3905,3534,NA,NA,NA,NA,NA,NA,3764,NA,NA,NA,NA,NA,3797,3986,3219,NA,2547,2637,2568,NA,NA,NA,NA,NA,2847,2872,NA,NA,NA,NA,NA,NA,NA,NA,NA,NA,NA,NA,NA,NA,NA,NA,NA,NA,NA,NA,NA,NA,3436,6210,2628,3075,2866,2503,2757,2013,1756,2249,NA,2598,NA,NA,-353,NA,NA,3292,NA,3713,NA,NA,NA,NA,NA,NA,NA,NA,NA,NA,NA,NA,NA,NA,NA,3225,3249,NA,NA,2807,2276,2143,2281,NA,2433,2358,2530,NA,NA,NA,2974,2797,NA,2851,NA,3553,3723,NA,4132,NA,NA,NA,NA,NA,NA,NA,NA,NA,3406,NA,NA,NA,NA,3107,NA,NA,2284
"12",1009,989,656,880,692,836,888,907,934,1129,NA,NA,NA,1838,1590,1679,2227,NA,NA,NA,NA,NA,NA,NA,NA,NA,2075,2076,2049,NA,1931,1603,1296,1180,1144,994,847,822,756,759,756,768,772,NA,731,765,740,1008,1211,1404,1412,NA,1428,NA,NA,NA,NA,NA,NA,NA,NA,NA,NA,1792,1800,NA,1930,1693,1584,1487,1274,1125,901,984,944,786,854,NA,916,968,1057,950,NA,1089,NA,NA,NA,NA,1788,NA,NA,2060,NA,NA,NA,NA,NA,NA,2178,2308,NA,2057,1869,1693,1498,1233,1152,1057,916,1013,723,745,713,789,854,854,772,919,NA,1262,1313,NA,NA,NA,NA,2029,2178,NA,NA,NA,NA,NA,NA,NA,1900,NA,2005,2099,1841,1777,1538,1239,1099,1027,985,802,809,560,770,748,897,871,904,NA,1203,1211,1425,1732,1801,1436,NA,1522,NA,NA,NA,NA,NA,NA,NA,NA,1541,NA,1755,1593,1460,1331,1059,1120,924,879,884,842,847,830,769,772,802,NA,788,809,NA,NA,1274,1282,1435,NA,NA,2005,NA,-487,NA,NA,NA,NA,NA,NA,NA,NA,2144,1722,1704,1343,1327,1003,971,872,724,761,775,748,713,710,739,-150,NA,704,665,680,776,732,NA,NA,1235,NA,NA,1352,NA,NA,NA,NA,NA,1827,1918,NA,1667,1608,1669,1387,1348,1074,984,942,873,869,707,634,676,NA,673,NA,788,980,1051,1284,1087,NA,1414,NA,1418,1684,NA,NA,NA,NA,NA,NA,NA,NA,1921,NA,2144,2552,1761,1766,1183,1212,1049,888,926,866,843,805,688,691,690,790,702,751,738,NA,1016,1071,NA,NA,1400,NA,NA,NA,NA,NA,NA,NA,NA,-380,NA,1678,1849,1632,1461,1227,1139,1052,1025,1067
"13",435,510,412,401,343,346,348,378,433,389,348,327,350,361,391,354,340,458,439,528,505,NA,605,1038,927,NA,793,717,684,575,544,518,482,426,448,431,424,427,415,393,401,367,376,215,335,343,394,321,334,333,328,340,307,311,342,430,NA,NA,NA,NA,NA,NA,781,712,680,660,564,531,489,497,511,435,429,448,450,435,480,435,416,420,399,354,365,368,413,326,363,350,381,401,-400,661,824,774,603,958,NA,NA,NA,724,571,534,484,471,448,407,462,413,462,426,416,435,397,370,350,429,343,340,360,343,367,342,350,275,343,538,NA,790,867,869,1006,1053,992,1087,1027,831,768,699,569,579,567,513,505,492,478,475,479,426,431,453,410,416,421,411,398,462,502,411,401,389,455,592,824,687,606,766,NA,NA,949,959,1019,752,689,669,513,506,511,493,498,488,446,471,513,500,439,415,389,412,375,406,389,342,353,372,435,370,391,426,549,588,621,NA,NA,819,885,851,802,708,674,690,525,506,488,488,460,421,462,416,426,414,410,406,430,377,392,369,346,352,338,326,330,329,324,399,427,533,595,NA,NA,NA,935,NA,889,799,779,668,585,560,525,493,462,416,NA,444,406,381,391,380,366,394,378,373,345,351,336,312,330,378,366,396,438,606,NA,NA,973,934,NA,823,NA,784,617,559,575,497,518,475,485,431,502,470,455,434,489,391,392,417,391,NA,378,NA,340,374,431,452,NA,658,716,NA,1005,NA,977,NA,1066,977,921,701,637,555,525,530,445,501,434,438
"14",702,741,712,608,657,534,494,534,547,523,506,552,NA,520,466,431,430,588,779,713,NA,NA,1132,NA,1267,NA,1415,1535,1359,1496,1176,1086,935,844,707,716,585,629,598,580,558,521,481,471,418,396,446,NA,485,453,NA,459,458,NA,707,1001,NA,NA,NA,NA,NA,NA,1401,1602,1613,1614,1272,1099,894,948,790,727,799,702,596,577,625,562,578,578,557,549,570,553,539,534,567,543,593,870,NA,NA,NA,NA,NA,NA,NA,1688,1587,1318,1362,1126,848,803,745,692,602,629,579,614,603,555,559,532,489,524,492,446,525,459,512,480,438,NA,NA,688,984,NA,NA,NA,1750,1916,NA,NA,1746,1535,1586,1301,985,975,774,752,699,767,769,636,606,580,592,589,642,569,532,512,487,551,498,481,519,515,NA,688,613,NA,1093,NA,NA,NA,NA,1531,1692,NA,1228,1115,885,843,910,705,715,770,631,740,635,757,591,584,509,632,554,597,558,510,512,NA,NA,596,884,NA,NA,NA,NA,NA,NA,1317,1757,NA,1908,1552,1534,1422,1109,963,866,810,838,772,745,787,765,713,626,627,684,560,574,566,506,528,666,565,524,441,521,NA,783,1001,1494,NA,NA,2925,2420,2377,2271,NA,1968,1687,1393,1377,1184,937,1028,861,919,720,683,636,720,627,621,709,627,846,709,783,736,704,560,NA,NA,NA,NA,NA,822,NA,1749,2061,NA,1774,2320,2332,1966,1631,1331,1104,1073,987,917,842,808,779,850,773,726,682,672,672,684,634,607,559,562,628,542,539,619,796,1162,NA,NA,1957,NA,1689,2437,NA,2327,1702,1703,1235,1002,978,929,873,832,893
"15",1238,1014,992,964,828,794,853,845,915,800,850,788,784,860,863,792,951,1524,NA,NA,NA,NA,NA,NA,3870,3365,3174,3339,2467,2549,2778,2339,1881,1695,1389,1318,1280,904,980,853,858,796,915,796,751,768,791,958,1023,922,912,NA,NA,2141,NA,2415,3170,3356,3153,NA,NA,3766,3503,3200,NA,2909,2263,1482,1557,1322,1057,1078,930,812,872,936,697,792,753,788,773,845,864,804,893,801,979,1081,1444,1606,NA,3063,NA,NA,2623,3353,NA,3904,3492,3306,3063,2518,2523,1806,1531,1125,1125,1076,987,963,872,NA,800,763,645,723,669,729,796,777,736,762,933,1034,1642,NA,NA,NA,3232,NA,NA,NA,3728,3262,3478,3268,3002,2765,2599,2447,1899,1836,1623,1220,1048,1123,1193,1015,939,989,894,816,866,907,946,893,977,955,925,878,1155,1463,1825,2569,2824,NA,NA,NA,NA,3365,3219,3193,3201,2476,2556,2500,2219,1625,1642,1525,1064,1186,1103,1044,971,903,893,863,823,975,929,904,1004,1025,1088,1375,1569,1732,NA,2554,2293,NA,3409,2875,3245,NA,3330,3257,3091,2913,2693,2216,1978,1776,1388,1489,1219,972,981,888,837,785,787,744,773,778,749,786,840,921,1103,964,964,1602,1573,2955,NA,NA,NA,4980,5752,3123,NA,2535,3305,3009,2848,2590,2264,2296,1650,1520,1345,1235,936,1007,897,NA,839,810,774,825,751,871,895,742,886,788,NA,1161,2029,2767,2788,4542,NA,NA,3250,3428,3500,3354,3102,2510,2739,2152,1709,1189,NA,1016,947,923,963,902,792,765,763,720,773,771,668,785,816,912,1399,1215,NA,NA,NA,3266,NA,NA,NA,2787,3377,3588,NA,3117,2607,2165,1908,1706,886,1202,1058,857
"16",931,831,880,853,537,737,712,806,781,730,824,763,711,849,757,896,932,750,1248,1654,NA,NA,2482,2613,NA,NA,2285,2199,1600,1092,1054,1072,1037,986,1004,905,948,886,846,822,820,779,662,678,630,688,591,NA,729,856,841,846,1310,1271,952,NA,NA,NA,NA,NA,NA,NA,2543,1817,1866,1657,1279,1330,1132,1167,1114,907,953,982,902,916,846,836,857,786,768,820,843,801,775,843,1109,1174,1141,1358,-255,1860,NA,NA,1917,2543,2354,NA,1948,1930,1288,1250,906,829,885,858,764,791,796,782,720,721,643,602,594,664,609,393,654,701,639,729,663,801,1252,1374,1337,1967,1596,2285,2532,2920,2719,NA,NA,1629,1506,1502,1290,1011,1013,954,980,934,885,807,803,729,759,678,713,722,758,697,716,882,794,712,NA,789,801,1270,1728,2032,2052,NA,2555,NA,NA,2620,2463,2050,1709,1431,1214,1158,1114,944,883,916,796,824,903,853,827,762,752,736,729,745,721,694,795,737,757,690,617,1247,1337,1304,2183,NA,NA,2461,2541,2319,1876,1930,1638,1428,1063,1097,911,1039,885,833,844,694,764,729,668,713,651,554,722,640,547,591,578,648,624,605,635,NA,1188,1620,1836,NA,NA,NA,2762,2757,2344,1918,1900,1818,1718,1359,1176,1082,1111,932,813,922,803,756,803,810,644,737,730,834,897,828,925,836,NA,956,1009,1231,1532,1865,NA,NA,NA,NA,2739,2465,1709,1612,1407,1164,1026,931,838,868,778,845,737,690,713,729,714,698,648,720,775,668,754,NA,742,1004,856,1006,996,NA,1014,1097,NA,NA,1510,NA,2106,1885,2196,1687,1312,1091,930,833,731,893,813,793
"17",696,650,582,599,600,527,546,517,507,540,524,509,NA,556,514,476,NA,NA,NA,NA,930,1240,NA,NA,1715,1765,1580,1572,1393,NA,1119,908,820,785,714,704,652,652,670,609,566,570,503,496,439,457,495,NA,751,635,600,NA,887,906,935,1129,NA,NA,NA,NA,NA,NA,1793,1901,1721,1741,1339,1568,1028,897,850,721,722,669,731,661,623,565,581,573,560,547,548,580,519,622,561,NA,839,1241,NA,NA,939,NA,NA,1547,1821,NA,1764,1552,1682,1407,1080,907,984,793,796,701,718,568,646,600,562,567,542,568,473,NA,486,544,496,494,477,NA,NA,1047,1150,NA,NA,NA,NA,NA,NA,2267,2037,NA,1874,1425,1233,999,996,1017,881,742,771,717,709,634,668,657,639,547,610,NA,610,612,523,623,625,699,814,936,1006,NA,1270,NA,NA,NA,NA,1915,1585,1423,1197,1156,889,837,874,770,767,652,585,681,658,644,572,601,555,560,549,539,505,NA,NA,754,NA,937,886,982,NA,NA,NA,NA,NA,NA,NA,1820,1590,1673,1460,1308,1074,994,693,777,626,736,584,543,626,554,543,NA,534,500,531,473,520,446,541,464,476,NA,547,677,859,1106,NA,NA,NA,NA,2139,2570,2151,NA,1403,1267,988,901,921,707,706,687,667,618,543,574,601,520,560,648,NA,NA,532,561,541,NA,668,739,703,NA,NA,NA,NA,NA,1991,2016,NA,NA,2025,1755,1378,1143,1052,1014,935,778,752,706,637,759,736,596,656,567,664,593,512,490,528,537,NA,515,701,811,1014,996,NA,1389,NA,NA,NA,NA,1790,1775,1988,1714,1743,1252,1214,1010,856,887,797,657
"18",1054,996,897,998,875,1006,885,926,985,1204,NA,NA,2026,1611,2115,NA,2191,NA,NA,NA,2654,NA,NA,NA,NA,2257,2668,2660,2242,2461,2126,2254,1958,1867,1466,1343,1197,1209,974,853,914,1001,1030,1157,1103,998,1239,NA,NA,NA,NA,NA,NA,1872,NA,NA,NA,2745,NA,NA,NA,NA,NA,NA,NA,NA,2541,2291,2007,1665,1551,1231,1208,1104,1053,833,981,964,1111,1221,1075,NA,1327,NA,NA,1443,NA,NA,NA,NA,NA,2674,NA,NA,NA,NA,NA,NA,NA,NA,NA,2528,2414,2219,1732,1563,1322,1260,1203,915,980,942,797,867,907,958,958,1033,1047,1080,1598,NA,1967,NA,2580,NA,NA,2660,NA,NA,NA,NA,NA,2494,2414,2457,NA,NA,2429,2287,1949,1662,1671,1444,1159,1129,1049,928,905,964,1019,NA,1043,NA,1380,NA,NA,NA,NA,NA,2465,NA,NA,NA,NA,NA,NA,NA,NA,2732,NA,2757,2725,NA,2473,2100,1989,1725,1318,1201,1144,1040,1135,885,897,826,923,1120,917,1221,1412,1813,NA,2049,NA,NA,NA,NA,2645,NA,NA,NA,NA,2624,NA,2720,NA,NA,3198,2586,2626,2135,1862,1502,1264,1271,1079,994,920,964,890,NA,926,941,968,1061,1201,1098,NA,NA,NA,1662,NA,NA,2842,2442,NA,NA,NA,NA,NA,2259,2661,NA,NA,NA,2803,2330,2026,1556,1618,1274,1238,1160,1056,933,926,861,NA,NA,1255,1244,NA,1376,NA,1460,NA,2075,2303,2725,NA,NA,2713,NA,NA,NA,2914,2767,NA,3098,2879,2570,2304,2156,1685,1643,1464,1253,1193,1111,1101,1058,893,844,957,957,832,845,NA,NA,1931,1871,1758,2372,NA,2565,NA,NA,NA,NA,NA,2413,NA,NA,2543,2649,2401,2126,2184,1920,1717,1616,1337,1268
"19",587,613,605,554,543,493,492,509,522,488,494,491,446,411,423,396,370,421,404,489,511,666,NA,NA,1108,1312,1193,1112,1127,835,707,742,738,721,703,608,631,608,597,562,514,491,468,457,392,449,469,367,NA,444,416,412,428,399,388,NA,NA,NA,NA,NA,824,NA,1040,NA,1117,1088,1067,1161,1022,897,876,811,629,681,672,664,615,582,547,519,526,502,484,483,440,464,443,NA,430,428,-374,790,NA,822,NA,1005,1117,NA,1044,852,751,737,684,572,581,565,608,527,542,511,515,511,484,460,460,476,381,446,451,437,424,439,406,402,NA,410,584,NA,821,NA,981,NA,1310,NA,1592,1398,1245,1210,1056,916,887,806,NA,742,650,643,691,622,591,511,532,522,499,536,470,497,456,502,434,NA,428,438,419,NA,NA,NA,NA,NA,953,NA,930,1093,929,949,878,849,837,689,649,689,610,595,612,571,539,496,510,520,505,497,451,467,468,476,444,401,405,455,526,NA,NA,NA,NA,NA,1059,998,1171,1286,942,848,696,618,614,619,564,585,484,NA,479,462,449,466,441,443,424,452,390,390,376,401,423,379,401,374,406,NA,NA,695,NA,NA,753,NA,1057,1144,1485,1274,1208,1046,1016,823,734,733,NA,660,555,569,520,480,499,477,434,567,426,435,421,417,405,440,452,454,725,NA,945,NA,875,NA,861,NA,977,1132,1056,954,981,872,863,837,833,778,728,716,651,629,582,568,531,521,513,509,482,469,464,443,473,452,438,439,443,NA,629,775,1198,1353,1342,1484,1409,1407,1039,892,841,788,723,694,664,630
"20",458,455,416,439,391,403,386,394,379,363,387,385,NA,367,340,358,365,NA,363,357,359,417,468,495,NA,NA,553,447,411,397,389,380,389,349,351,357,349,353,347,326,337,321,328,316,NA,NA,340,318,322,321,NA,NA,315,280,341,345,420,NA,NA,814,NA,NA,795,808,727,668,601,568,549,536,518,482,460,469,432,457,412,416,413,406,396,397,372,415,396,392,403,377,368,334,-494,548,620,903,NA,NA,NA,NA,983,828,722,577,582,571,543,536,470,511,480,476,502,467,480,447,445,463,440,436,406,436,443,400,393,NA,359,358,445,515,602,743,NA,750,NA,839,874,730,737,669,627,577,543,522,491,494,523,497,480,450,464,458,457,445,458,425,425,442,443,426,414,420,381,368,347,NA,NA,658,NA,NA,1041,974,807,757,665,608,557,542,504,515,443,467,455,460,452,444,453,455,429,445,430,412,422,419,406,389,377,377,374,370,362,346,373,490,NA,NA,NA,743,793,671,584,499,461,450,425,424,382,419,415,361,409,394,383,NA,363,387,370,350,350,355,347,NA,352,324,331,324,370,378,390,NA,NA,972,NA,886,767,667,574,504,502,466,433,415,389,354,389,382,360,346,402,366,384,393,358,336,NA,360,340,337,356,334,318,330,377,420,555,NA,948,925,NA,693,579,570,495,483,432,428,431,433,423,415,401,419,450,407,397,387,376,347,369,338,342,346,351,350,347,NA,375,452,445,533,NA,901,952,967,848,NA,694,672,598,567,503,519,489,461,428,413
"21",1453,1530,868,1271,911,1380,1122,1124,1391,1778,3014,NA,NA,3229,3185,3320,3379,NA,NA,NA,NA,3466,NA,3013,NA,NA,3279,NA,2883,3242,2676,2318,2988,2586,2378,2347,1836,1709,1322,1300,1583,1476,1354,NA,1521,1765,NA,2490,3235,NA,2709,NA,1803,NA,NA,NA,NA,NA,NA,NA,NA,3432,NA,3226,3219,NA,3139,2796,2857,2649,2576,1956,1409,1709,1304,1322,1157,1611,1619,1945,2040,1810,2388,2787,3005,NA,NA,NA,NA,NA,NA,3164,3180,NA,NA,NA,3542,NA,NA,3500,2996,3584,3306,3079,2832,2609,2123,2072,1551,904,1079,559,NA,1228,1308,1606,1471,NA,NA,3067,3160,NA,3206,NA,3803,NA,NA,NA,NA,NA,3203,NA,NA,NA,3085,NA,3042,3158,NA,2956,2675,2458,2180,1911,1760,1148,1373,714,1143,1298,1762,1751,1928,2463,2518,2803,2852,NA,2844,NA,2977,3143,3322,NA,NA,3040,NA,NA,3190,NA,3076,NA,3110,2564,2789,2702,2506,2099,1850,1466,1318,1441,1427,1241,1528,1442,1543,NA,1536,2233,2039,NA,NA,NA,NA,NA,2528,NA,3039,NA,2584,NA,NA,NA,NA,NA,NA,NA,NA,3114,2787,3062,2287,1938,1247,1468,1078,1210,979,1250,1094,1120,1319,1185,1728,1560,1717,1960,NA,NA,2759,NA,2393,2857,NA,NA,NA,NA,NA,NA,NA,NA,NA,NA,NA,3281,NA,2664,2140,1622,1567,1308,1185,1061,964,725,791,NA,957,NA,1707,NA,1991,3113,NA,NA,NA,NA,NA,NA,3058,NA,NA,NA,NA,NA,NA,NA,NA,NA,2869,2939,2541,2663,2228,2196,1528,1292,1271,1148,1223,927,994,913,1115,1208,1162,1219,1218,NA,1507,NA,2758,NA,NA,2977,NA,NA,NA,NA,NA,NA,NA,NA,NA,NA,2624,2892,2334,2489,2361,1829,1571,1450
"22",863,911,860,933,896,1006,840,794,956,829,1144,NA,1772,1647,1897,NA,NA,NA,NA,2703,NA,2649,NA,NA,NA,NA,2563,2358,3130,2277,2208,1874,1736,1231,974,993,922,984,973,872,NA,947,827,895,772,775,863,1279,1603,1973,NA,1621,NA,NA,NA,NA,NA,NA,NA,NA,NA,NA,NA,NA,NA,NA,1923,2086,1570,1394,1143,912,809,783,954,938,841,1026,990,1150,1137,1212,1261,NA,1563,1511,1827,NA,1886,NA,NA,1965,NA,NA,NA,NA,NA,NA,2738,2558,2274,2200,1978,1614,1189,934,808,867,848,863,828,820,795,930,1039,864,890,905,NA,1129,1604,1734,NA,NA,NA,2196,NA,NA,NA,NA,NA,NA,NA,NA,2870,5514,2562,2173,2253,1937,1743,1439,1410,1003,945,799,866,809,900,922,1094,1291,1339,1540,1281,1593,1719,1825,NA,2036,1877,NA,NA,NA,NA,NA,NA,NA,2712,2077,NA,NA,2409,2822,2124,1543,1379,1179,1033,964,937,916,1111,903,926,840,909,926,1140,1171,1466,NA,1781,2000,2067,2061,NA,NA,2205,NA,NA,NA,NA,NA,NA,NA,2409,2390,2255,2490,2214,1935,1839,1548,1007,946,900,825,916,954,983,917,1006,828,856,957,1004,NA,1099,1473,NA,NA,NA,2366,2047,NA,NA,NA,NA,NA,NA,NA,NA,NA,2599,NA,2361,1774,1553,981,1039,936,964,992,900,794,885,NA,896,935,1171,1452,1573,1665,NA,1887,1970,NA,NA,NA,NA,NA,NA,NA,2510,NA,NA,2663,2555,2616,2228,1631,1781,1655,1420,1205,1151,902,972,927,955,811,940,900,864,1015,932,NA,934,937,1089,1210,NA,NA,1964,NA,NA,2418,2750,NA,NA,NA,NA,NA,NA,NA,2438,2066,1753,1449,1219,1347,945,901
"23",971,848,801,850,759,742,731,804,715,731,758,698,719,784,780,680,635,665,699,NA,NA,NA,NA,NA,NA,NA,2520,2999,NA,2512,1780,1424,1040,942,945,934,801,744,796,764,758,716,747,711,592,648,654,612,663,628,585,633,887,881,NA,NA,NA,NA,NA,NA,NA,3306,2926,2493,2084,2073,1625,1148,1093,831,938,963,901,875,803,824,795,757,719,673,742,753,789,658,772,709,702,791,NA,845,-387,1357,1248,1980,NA,NA,2653,2835,2955,2684,2369,1214,911,823,897,811,770,803,713,687,719,673,640,594,604,576,617,613,603,601,565,527,593,655,597,578,800,1018,NA,NA,NA,2461,-315,NA,NA,2762,2571,2172,2095,1548,1074,1336,970,932,NA,1027,939,818,750,752,761,754,795,837,814,825,855,790,694,737,791,928,NA,1368,NA,NA,2206,NA,4067,2525,2819,2536,2436,2040,-114,1000,816,888,796,909,849,845,861,742,750,690,685,699,675,636,633,618,627,595,607,706,659,614,NA,1316,1720,1258,NA,4186,2576,NA,3006,2521,2068,1725,1299,1165,1047,NA,757,816,725,715,701,705,645,567,515,543,547,491,462,492,474,505,464,497,452,428,NA,NA,857,NA,NA,2779,NA,NA,NA,2614,2335,2043,1766,1391,752,728,801,833,930,NA,809,781,804,NA,683,753,657,651,656,630,663,615,650,651,581,596,582,NA,NA,1534,NA,2093,2899,NA,3056,3029,2299,1796,1174,781,891,907,800,799,850,853,778,811,751,724,696,670,701,700,680,692,714,676,618,701,631,891,1008,1058,1721,NA,1859,NA,2819,2999,2286,2085,2032,1809,948,796,815,712,744,709
"24",692,740,638,685,595,575,618,553,562,546,588,452,NA,603,537,NA,560,516,539,NA,641,2321,NA,3122,2988,2644,2676,2523,3037,NA,1617,1023,875,940,876,781,759,746,702,712,664,627,633,571,518,487,550,501,604,616,556,573,547,604,845,NA,NA,NA,3062,3099,3440,3220,3049,2213,2234,2315,1212,1199,977,886,846,874,816,741,782,695,655,609,600,583,573,574,546,581,592,579,623,614,566,710,-392,1619,1933,NA,NA,3349,2889,2879,2491,1986,1320,964,861,877,787,745,689,775,730,674,637,700,616,534,513,442,453,494,NA,544,574,527,NA,545,NA,971,NA,1279,2799,3127,NA,3502,2316,2237,2586,2291,1942,2361,2172,836,929,785,876,794,744,815,716,632,679,588,649,583,551,646,597,533,586,627,668,552,NA,925,1301,1314,NA,NA,2932,NA,NA,2245,2438,2430,2417,2225,987,867,920,809,806,729,679,771,632,651,642,636,666,584,642,554,NA,601,537,648,681,623,603,642,NA,NA,1355,NA,1877,NA,NA,2812,2708,2878,2241,2408,2086,1678,1483,1328,1066,938,775,782,792,714,635,538,522,524,583,607,486,503,462,568,608,564,520,590,1078,1390,2932,NA,NA,NA,2601,2766,NA,2134,2519,2094,2433,1516,1399,806,812,984,1008,783,676,760,758,NA,710,594,669,592,NA,586,645,576,713,633,752,NA,1349,NA,2088,2748,3342,NA,3408,2996,3260,2958,3175,2551,2114,1889,1359,1103,1083,1127,763,888,890,680,683,587,641,592,614,552,508,599,703,614,709,598,812,1033,898,1766,2233,NA,2270,NA,NA,NA,2252,1841,974,1075,929,937,845,768,849,720
"25",571,569,528,581,477,494,498,492,481,487,502,570,549,817,667,634,617,617,617,889,1439,2016,1959,NA,2327,1550,1271,1135,831,838,700,561,605,624,583,631,610,587,584,572,602,550,579,518,492,468,507,NA,525,541,529,682,1233,1353,1216,NA,NA,1647,1715,NA,1609,1855,1503,1351,1008,899,748,771,718,700,680,661,661,628,607,605,600,579,559,600,559,531,579,575,607,607,726,671,617,660,-368,621,884,NA,NA,2860,2540,2076,1329,1013,876,728,763,708,669,692,631,637,636,596,584,572,547,565,542,535,503,524,519,625,583,602,655,652,791,1038,2118,1531,994,NA,NA,2409,2262,2112,1575,1202,984,884,802,782,713,720,672,642,723,667,654,638,644,614,644,598,636,585,624,NA,709,645,673,591,683,1009,1974,NA,NA,NA,2398,2514,2300,2077,1218,1011,919,865,765,767,730,747,671,701,700,650,643,625,647,632,607,598,542,562,652,596,735,625,692,601,665,640,655,850,NA,2223,2662,2398,1947,1506,1275,1168,940,781,763,687,641,663,643,657,574,529,584,574,544,536,536,563,570,555,539,552,540,540,555,588,607,571,625,920,NA,2098,NA,2174,2032,NA,1290,912,709,695,608,643,622,498,515,519,492,504,475,452,475,468,448,582,517,495,512,518,529,514,558,610,579,908,1130,NA,2329,NA,2660,2115,1832,1555,1459,955,836,770,758,708,788,740,639,624,663,672,645,639,601,600,618,545,582,517,566,587,555,593,618,600,871,1026,805,748,NA,1568,2027,1880,1513,NA,834,654,652,634,575,550,575,552,553,530
"26",481,453,431,429,429,378,382,398,373,392,372,384,NA,333,346,300,342,336,307,345,319,NA,569,604,648,NA,640,645,558,532,531,482,494,448,492,433,415,423,423,400,402,368,351,344,317,NA,334,338,334,315,NA,306,328,290,321,374,NA,600,719,765,NA,NA,624,646,585,577,545,515,529,503,470,488,472,415,402,420,440,434,420,408,355,373,353,375,379,365,384,349,355,452,-504,554,609,673,NA,700,644,NA,611,652,604,610,545,506,495,512,459,507,443,443,467,420,454,421,391,405,393,384,363,369,371,349,367,368,NA,365,368,437,453,576,NA,724,NA,754,846,844,714,692,620,587,580,601,539,537,539,510,525,473,483,471,456,421,435,425,NA,458,433,408,390,402,356,393,456,590,556,685,917,1080,999,1004,779,654,629,560,517,527,532,528,475,472,459,483,480,450,447,436,446,405,437,406,407,405,393,365,369,357,360,371,330,352,402,782,615,924,NA,845,668,642,621,568,580,551,525,585,564,541,503,425,493,485,472,456,437,423,422,399,362,363,368,364,377,352,377,329,330,390,519,580,NA,741,NA,878,770,NA,633,588,529,528,520,505,483,448,489,437,NA,406,447,402,394,428,385,355,384,385,347,333,343,333,341,327,313,323,403,429,751,573,NA,746,636,628,573,569,511,502,508,500,451,471,442,458,490,415,393,418,378,388,383,358,345,358,365,340,354,NA,350,455,576,659,NA,778,901,1029,956,NA,845,796,700,628,639,597,639,575,605,567
"27",769,816,712,603,607,660,604,591,597,575,588,514,521,592,530,543,424,438,513,583,NA,892,878,1143,NA,1017,584,622,963,1073,1376,1304,1615,926,1268,1128,926,703,NA,659,664,638,537,594,475,522,NA,320,485,559,427,511,514,619,453,622,612,NA,819,NA,NA,954,1010,834,1448,1867,1600,1527,1632,1605,1371,1196,976,835,781,824,691,741,692,652,636,601,602,553,523,529,518,551,569,725,-468,1039,1150,964,915,1171,1136,1156,1037,964,997,1327,1261,1293,1133,890,736,684,615,612,596,563,560,515,511,545,508,480,453,457,496,NA,512,466,499,614,670,866,1014,932,1334,NA,1290,1047,1078,801,1698,1831,1855,1374,1641,1698,NA,1230,893,799,717,725,693,651,671,714,699,604,598,677,649,594,NA,NA,562,543,605,755,614,NA,NA,NA,NA,1000,707,NA,1473,1826,2095,1805,1836,1635,1355,1137,906,768,741,725,695,649,597,644,647,643,586,541,514,642,553,548,506,526,NA,NA,NA,778,NA,1279,1140,1024,640,893,1328,1753,1745,1854,1602,1619,1407,1127,832,676,711,706,668,670,571,546,597,551,482,533,557,562,528,522,513,524,819,877,858,NA,NA,942,1194,1013,413,946,884,1522,1561,2006,1989,1919,1430,933,939,829,641,619,663,619,635,555,600,585,519,526,614,611,485,526,492,611,680,995,1095,891,1313,NA,1135,2030,1105,1137,1710,1879,1524,2052,2085,NA,1348,1305,958,878,775,730,686,650,656,688,604,575,462,583,527,542,598,516,501,NA,608,714,638,NA,NA,NA,1135,1302,929,1322,1343,1120,1289,1047,989,793,680,652
"28",963,1009,891,858,919,913,836,977,1154,1272,1458,1447,1661,1514,NA,1429,1958,1695,2268,2087,NA,2861,NA,NA,3028,NA,2821,2822,NA,2339,2347,1826,1684,1519,1128,924,864,833,849,837,816,1009,893,1088,1052,NA,1076,NA,NA,1642,1605,1700,2147,NA,NA,NA,NA,NA,NA,NA,NA,-323,2664,2795,2438,2826,2157,1874,1383,1079,1034,876,909,863,757,936,899,821,1034,1125,958,1110,1141,1146,1514,NA,1589,2022,1661,NA,NA,2269,NA,2684,2248,NA,NA,NA,2768,2870,2320,1854,1629,1403,1293,1084,1110,793,757,737,737,799,663,893,1056,1109,913,NA,1327,1431,1280,1407,1582,1407,NA,NA,NA,NA,NA,NA,NA,2917,NA,3180,2908,NA,2617,2187,1944,1762,1707,1430,1212,1079,831,704,692,747,825,861,956,1102,1127,1071,1174,1212,1054,1407,1047,1212,1456,NA,NA,1860,2332,NA,NA,NA,3131,-336,-153,3235,2815,2502,1978,1629,1345,1081,1041,1059,640,678,615,774,815,824,845,NA,868,NA,920,952,NA,1770,1643,1953,2058,1926,2367,1793,NA,NA,NA,NA,2784,NA,NA,2655,2315,2065,1813,1882,1794,1300,1090,980,775,618,738,747,827,897,907,NA,1059,1049,923,1002,NA,1299,1090,NA,1243,1384,1233,1589,NA,NA,NA,NA,NA,NA,2650,2720,2577,2161,1920,1561,1543,1160,996,1062,764,680,695,588,709,634,798,797,843,934,1219,1316,NA,NA,1476,1360,1797,NA,NA,NA,NA,NA,NA,3021,NA,NA,2687,2597,2307,1946,1294,1408,1384,1263,813,832,796,804,636,727,707,NA,922,746,753,NA,774,NA,1250,1561,1353,1708,NA,NA,2355,2289,NA,2554,NA,NA,NA,2491,2566,2613,2235,1729,1477,1103,1112,1182,721,694
"29",811,870,736,929,1060,964,1122,1179,1300,1244,1388,1461,1451,1624,NA,NA,2324,NA,NA,NA,NA,NA,NA,NA,NA,NA,NA,2914,2425,NA,2791,2665,2098,1764,1474,1118,841,800,853,940,999,1157,1075,1112,831,1274,1446,NA,NA,1886,1986,NA,2285,NA,2704,3071,NA,NA,NA,NA,NA,NA,NA,2968,NA,3123,2732,2307,2225,1857,1601,854,785,724,1038,950,938,1007,1086,1338,NA,1219,1363,NA,NA,1717,1626,NA,NA,NA,NA,NA,NA,NA,NA,2818,2887,NA,2844,2820,NA,2862,2633,2598,2065,1818,1376,1016,942,799,853,830,780,955,1030,1115,1337,NA,1407,1314,NA,1703,1745,NA,NA,NA,NA,NA,NA,NA,NA,NA,2777,NA,2912,NA,3058,3067,2937,2431,2361,2024,1760,1323,1152,1004,867,859,964,918,1142,1599,2000,1842,1718,NA,2131,1864,2342,NA,2535,NA,NA,NA,NA,NA,NA,NA,NA,NA,NA,2848,NA,2376,2748,2342,2196,1765,1550,964,898,880,933,994,914,1026,1206,1176,1302,1462,1437,1520,2533,2098,2069,2177,NA,2803,NA,1985,NA,NA,NA,NA,NA,2968,2594,NA,2821,2731,2528,2277,2497,2244,1882,1678,1491,1029,933,898,1122,1256,1247,1032,1269,1244,1078,1158,1371,1871,2364,NA,NA,NA,1900,2226,2753,NA,NA,NA,NA,NA,NA,2880,2758,2996,2185,2599,2245,1658,1171,1060,1108,927,878,893,939,996,993,1122,1178,NA,1142,1325,1590,1719,NA,NA,NA,NA,NA,NA,NA,NA,NA,NA,NA,NA,NA,3502,2742,2617,2073,1736,1431,1476,1102,1179,964,1191,1078,1104,1154,1136,1218,1200,NA,NA,1654,NA,NA,1818,2098,2538,NA,NA,NA,9266,-13293,NA,NA,NA,NA,NA,NA,2780,3356,2619,2495,2422,2014,1896,1110,1179
"30",843,794,739,716,729,697,707,685,676,716,663,524,623,756,793,759,872,1212,1838,2416,2458,3103,NA,3568,NA,3410,NA,3082,3056,2498,2096,1819,1592,1028,1036,927,865,812,927,772,753,787,727,700,703,647,695,796,788,745,702,1487,NA,NA,1468,2340,NA,NA,NA,NA,NA,3409,2793,2789,2749,2821,2435,1949,1413,1064,1182,1130,993,949,900,849,812,745,773,771,711,795,788,817,907,651,977,NA,1306,1566,NA,2553,2152,NA,NA,3151,NA,3895,3499,2927,2404,2576,2136,1485,1258,1088,1030,1004,874,990,909,NA,658,729,614,699,631,659,721,757,720,695,1010,1215,2086,1947,NA,2712,NA,NA,NA,NA,NA,3286,3295,3133,2690,2955,2334,2183,1942,1176,1124,1048,1027,945,973,866,940,953,944,827,798,750,828,769,720,841,778,647,737,1113,1811,2260,2816,NA,NA,NA,NA,3212,3219,3365,3266,3039,2824,NA,1843,1617,1312,1136,1071,945,1079,807,942,810,697,692,657,667,671,651,800,963,1028,1280,2048,NA,1816,1984,2086,NA,NA,3273,3520,2972,2793,3175,2655,2452,1970,1372,1128,929,845,844,993,728,806,778,767,711,699,634,686,614,612,730,662,622,722,704,708,1044,1478,NA,NA,4568,2697,NA,3540,3484,3419,2818,3011,2708,2498,2530,1896,1234,1532,NA,1077,993,765,858,891,NA,759,777,644,729,695,777,656,656,764,728,652,1330,1650,2577,2921,NA,3209,3855,3602,3399,3306,3284,3056,2368,1792,1674,1935,1752,1044,932,1013,904,1000,859,747,761,757,697,767,695,634,719,713,849,1468,1525,2060,2102,NA,2551,NA,NA,NA,NA,3492,3566,NA,2873,2518,2233,1333,1194,674,1092,992,900
"31",684,693,707,637,628,592,592,619,596,655,666,616,635,619,617,NA,552,768,886,NA,1626,2588,NA,NA,2597,2653,2301,2242,1602,1110,1056,939,871,775,799,780,737,754,713,659,689,628,608,667,626,651,617,669,709,655,NA,630,596,538,NA,NA,NA,NA,NA,2671,NA,2909,NA,1958,1722,1366,1115,951,934,899,798,870,743,728,705,748,650,674,630,705,600,610,632,638,610,668,881,759,719,593,NA,NA,NA,1117,NA,2161,2477,2120,1488,1576,1075,879,834,751,723,715,639,637,682,648,638,579,583,536,554,518,522,538,497,569,499,555,513,NA,652,603,1367,1601,2195,3443,NA,NA,2839,2591,NA,1705,1800,1457,1045,1014,915,796,818,765,781,793,768,670,705,691,647,629,617,654,634,629,670,682,660,614,647,628,921,996,909,1092,1589,NA,2739,2189,2279,1416,1459,1218,904,900,809,805,747,733,680,706,656,664,658,594,632,605,591,616,540,600,593,728,782,899,1136,1178,1028,887,1229,1384,2131,2930,2483,2784,2447,2158,1620,1043,923,834,827,827,738,713,662,NA,670,636,589,588,598,547,593,555,497,539,513,594,602,585,647,604,NA,NA,NA,1596,NA,NA,2680,NA,2641,2061,1861,1832,1154,975,912,728,733,712,NA,793,622,726,608,575,616,602,579,591,537,588,NA,588,599,593,563,741,1018,NA,1599,2190,2815,NA,2621,2359,1537,1171,917,887,793,830,805,733,728,703,696,715,654,611,616,575,552,659,574,554,543,NA,573,554,662,709,847,884,981,1319,1813,NA,2514,2436,2753,2535,2029,1844,1525,1107,921,803,738,766,733,693
"32",799,840,758,704,673,656,676,613,595,572,611,503,529,536,515,531,474,529,637,710,1095,1860,2009,2512,NA,NA,1683,1669,1250,924,912,754,710,585,704,713,568,612,597,519,564,543,513,569,531,435,444,429,512,581,448,474,604,520,NA,NA,NA,NA,2284,2630,2305,2234,2004,1935,1844,1520,1232,1098,1031,986,856,881,816,742,743,710,707,625,682,596,597,636,643,564,566,549,608,567,520,569,NA,1028,847,NA,NA,1403,2420,1505,1604,1785,1372,1048,921,752,747,648,702,577,531,616,546,NA,603,556,517,518,507,535,538,496,498,530,516,471,500,396,NA,1403,1903,2039,NA,NA,2150,NA,1644,1585,1347,1138,922,810,761,686,698,662,NA,659,647,590,624,631,621,558,568,591,526,534,548,544,560,581,605,583,892,1283,1372,2146,NA,NA,2419,2021,1775,1577,1407,1231,976,969,832,789,717,731,732,692,634,623,632,604,572,583,534,564,533,527,530,646,737,690,678,620,NA,812,1062,NA,2228,2697,2671,2609,2228,NA,1642,NA,1023,1009,947,957,782,763,759,663,675,667,680,629,609,593,622,565,544,587,NA,502,539,548,497,528,755,NA,1745,NA,NA,3105,2509,2284,2271,2170,2185,1812,1537,1354,1236,1031,1025,950,957,830,781,772,776,NA,637,656,579,610,527,543,559,524,689,610,551,589,NA,NA,NA,972,1318,NA,1273,1902,1710,1661,1703,1603,1137,1130,1083,748,826,753,700,732,711,637,589,590,516,607,588,545,496,564,530,541,520,525,495,509,NA,NA,1562,NA,2062,1688,1840,1893,1659,1333,969,879,814,768,676,686,671,657
"33",711,690,686,642,619,625,591,594,632,607,585,555,565,590,562,NA,539,711,668,666,832,2120,NA,2518,NA,2280,2147,1746,1123,905,656,714,645,NA,644,614,612,569,584,544,555,494,502,475,476,462,513,428,437,NA,NA,466,436,389,408,NA,1588,NA,NA,2661,NA,2702,2301,1793,1547,1445,1243,1118,926,908,800,781,752,662,669,671,689,661,634,625,619,657,684,564,661,610,706,659,612,612,NA,1115,1151,NA,NA,2186,2364,2428,1935,1342,1000,947,772,858,742,714,675,664,629,633,574,619,597,588,532,524,485,512,501,533,484,528,515,490,505,482,NA,893,1781,2426,NA,NA,2840,2817,2519,2225,1418,1429,1116,982,911,913,897,816,767,781,799,762,692,721,684,644,664,609,607,608,639,704,584,589,595,559,792,917,1057,1870,NA,2460,2784,2645,2242,1810,1415,1171,1017,969,857,799,793,778,703,688,717,659,661,606,605,608,565,564,602,569,624,679,778,629,716,867,879,812,1190,1493,1925,2520,2566,2316,1902,1720,1376,1028,923,720,762,694,659,651,547,573,573,568,532,518,495,490,517,501,430,489,480,489,513,455,532,462,448,626,777,1864,NA,NA,2162,2157,2055,1740,1693,1171,1115,939,976,854,798,NA,672,671,601,636,609,NA,551,525,547,526,517,559,486,567,585,525,410,669,1030,1302,1669,1865,1944,NA,1660,1166,1092,1195,1139,1306,NA,932,793,706,681,647,696,648,673,606,548,554,530,585,542,524,497,503,519,419,446,475,435,483,621,1088,950,NA,1445,1393,1371,1514,1551,1468,1019,724,634,624,577,717,623,544
"34",1035,971,1028,897,752,739,782,686,747,672,671,738,730,834,702,685,NA,1108,NA,NA,2266,NA,2781,NA,NA,NA,NA,3295,2769,2366,2616,2405,1843,1687,1654,1441,1054,994,868,769,883,835,819,863,737,779,761,920,843,933,880,NA,NA,1530,1216,NA,NA,NA,3410,NA,NA,3326,2857,2994,NA,2353,2142,2253,1842,1710,1036,1095,1026,722,870,799,865,935,858,954,776,826,950,793,863,NA,1091,1016,1155,1769,NA,NA,NA,NA,NA,2982,NA,2910,NA,3147,2639,2609,2129,2025,1595,1497,1081,998,1000,1056,791,816,695,661,537,738,685,702,787,759,685,718,737,857,1357,NA,NA,NA,2757,NA,NA,NA,3141,NA,3138,3094,2930,2656,2754,2052,1896,NA,1716,1410,NA,991,883,973,1096,979,-116,989,1059,930,947,1032,1103,1012,988,937,1271,1216,1886,2514,2750,NA,NA,NA,NA,3287,3273,NA,3256,2532,2857,2464,2187,2034,1429,1233,1218,1294,1120,1186,876,992,905,920,1005,956,932,1014,1106,1230,1159,1321,1839,1585,NA,2520,2771,NA,NA,2861,NA,NA,2685,3210,3279,2892,2951,NA,1933,2039,1364,1429,1450,1183,1103,993,1036,993,921,NA,824,860,860,902,932,899,1054,794,677,1018,1315,1923,NA,NA,NA,3919,NA,NA,3816,2789,3096,2690,2693,2274,2188,1698,1585,1240,1246,1246,1118,1019,883,NA,838,819,811,828,885,1004,717,888,950,996,896,NA,1809,NA,NA,NA,NA,4055,2890,3468,2820,3250,3009,3036,2538,2057,1882,1801,NA,1448,1279,1347,1232,1029,941,871,936,899,915,663,651,662,846,1091,1332,1232,NA,NA,NA,2546,NA,NA,NA,NA,3157,3013,NA,2904,2611,2548,2123,1761,1531,1327,1173,947
